{"options":{"check_for_updates":true,"comment":"Highlight in Jira","compatopts_for_requires":true,"compat_wrappedjsobject":false,"compat_metadata":false,"compat_foreach":false,"compat_arrayleft":false,"compat_uW_gmonkey":false,"compat_forvarin":false,"noframes":null,"awareOfChrome":false,"run_at":null,"override":{"merge_connects":true,"merge_excludes":false,"merge_includes":false,"merge_matches":true,"orig_connects":[],"orig_excludes":[],"orig_includes":[],"orig_matches":["https://jiraent.staples.com/secure/Dashboard.jspa"],"orig_noframes":null,"orig_run_at":"document-idle","use_blockers":[],"use_connects":[],"use_excludes":[],"use_includes":[],"use_matches":[]}},"settings":{"enabled":true,"position":1},"meta":{"name":"Jira Dashboard Highlight","uuid":"6ad38b80-ee2b-496f-84be-7ef81557ddc9","modified":1591920364566}}